{
  "custom_signs": {
    "0_template_1": {
      "texture_id": "mtr:custom_directory/0_template_1.png",
      "flip_texture": false
    },
    "CSP-ru-en-blue_1_arrow_back_1": {
      "texture_id": "mtr:custom_directory/1_arrow_back_1.png",
      "flip_texture": false
    },
    "CSP-ru-en-blue_1_arrow_back_left_1": {
      "texture_id": "mtr:custom_directory/1_arrow_back_left_1.png",
      "flip_texture": false
    },
    "CSP-ru-en-blue_1_arrow_back_right_1": {
      "texture_id": "mtr:custom_directory/1_arrow_back_right_1.png",
      "flip_texture": false
    },
    "CSP-ru-en-blue_1_arrow_left_1": {
      "texture_id": "mtr:custom_directory/1_arrow_left_1.png",
      "flip_texture": false
    },
    "CSP-ru-en-blue_1_arrow_left_2": {
      "texture_id": "mtr:custom_directory/1_arrow_left_2.png",
      "flip_texture": false
    },
    "CSP-ru-en-blue_1_arrow_right_1": {
      "texture_id": "mtr:custom_directory/1_arrow_right_1.png",
      "flip_texture": false
    },
    "CSP-ru-en-blue_1_arrow_right_2": {
      "texture_id": "mtr:custom_directory/1_arrow_right_2.png",
      "flip_texture": false
    },
    "CSP-ru-en-blue_1_arrow_straight_1": {
      "texture_id": "mtr:custom_directory/1_arrow_straight_1.png",
      "flip_texture": false
    },
    "CSP-ru-en-blue_1_arrow_straight_left_1": {
      "texture_id": "mtr:custom_directory/1_arrow_straight_left_1.png",
      "flip_texture": false
    },
    "CSP-ru-en-blue_1_arrow_straight_left_2": {
      "texture_id": "mtr:custom_directory/1_arrow_straight_left_2.png",
      "flip_texture": false
    },
    "CSP-ru-en-blue_1_arrow_straight_left_3": {
      "texture_id": "mtr:custom_directory/1_arrow_straight_left_3.png",
      "flip_texture": false
    },
    "CSP-ru-en-blue_1_arrow_straight_right_1": {
      "texture_id": "mtr:custom_directory/1_arrow_straight_right_1.png",
      "flip_texture": false
    },
    "CSP-ru-en-blue_1_arrow_straight_right_2": {
      "texture_id": "mtr:custom_directory/1_arrow_straight_right_2.png",
      "flip_texture": false
    },
    "CSP-ru-en-blue_1_arrow_straight_right_3": {
      "texture_id": "mtr:custom_directory/1_arrow_straight_right_3.png",
      "flip_texture": false
    },
    "CSP-ru-en-blue_2_exit_left_1": {
      "texture_id": "mtr:custom_directory/2_exit_left_1.png",
      "flip_texture": false
    },
    "CSP-ru-en-blue_2_exit_left_2": {
      "texture_id": "mtr:custom_directory/2_exit_left_2.png",
      "flip_texture": false
    },
    "CSP-ru-en-blue_2_exit_left_3": {
      "texture_id": "mtr:custom_directory/2_exit_left_3.png",
      "flip_texture": false
    },
    "CSP-ru-en-blue_2_exit_left_4": {
      "texture_id": "mtr:custom_directory/2_exit_left_4.png",
      "flip_texture": false
    },
    "CSP-ru-en-blue_2_exit_left_5": {
      "texture_id": "mtr:custom_directory/2_exit_left_5.png",
      "flip_texture": false
    },
    "CSP-ru-en-blue_2_exit_left_6": {
      "texture_id": "mtr:custom_directory/2_exit_left_6.png",
      "flip_texture": false
    },
    "CSP-ru-en-blue_2_exit_right_1": {
      "texture_id": "mtr:custom_directory/2_exit_right_1.png",
      "flip_texture": false
    },
    "CSP-ru-en-blue_2_exit_right_2": {
      "texture_id": "mtr:custom_directory/2_exit_right_2.png",
      "flip_texture": false
    },
    "CSP-ru-en-blue_2_exit_right_3": {
      "texture_id": "mtr:custom_directory/2_exit_right_3.png",
      "flip_texture": false
    },
    "CSP-ru-en-blue_2_exit_right_4": {
      "texture_id": "mtr:custom_directory/2_exit_right_4.png",
      "flip_texture": false
    },
    "CSP-ru-en-blue_2_exit_right_5": {
      "texture_id": "mtr:custom_directory/2_exit_right_5.png",
      "flip_texture": false
    },
    "CSP-ru-en-blue_2_exit_right_6": {
      "texture_id": "mtr:custom_directory/2_exit_right_6.png",
      "flip_texture": false
    },
    "CSP-ru-en-blue_3_number_01": {
      "texture_id": "mtr:custom_directory/3_number_01.png",
      "flip_texture": false
    },
    "CSP-ru-en-blue_3_number_02": {
      "texture_id": "mtr:custom_directory/3_number_02.png",
      "flip_texture": false
    },
    "CSP-ru-en-blue_3_number_03": {
      "texture_id": "mtr:custom_directory/3_number_03.png",
      "flip_texture": false
    },
    "CSP-ru-en-blue_3_number_04": {
      "texture_id": "mtr:custom_directory/3_number_04.png",
      "flip_texture": false
    },
    "CSP-ru-en-blue_3_number_05": {
      "texture_id": "mtr:custom_directory/3_number_05.png",
      "flip_texture": false
    },
    "CSP-ru-en-blue_3_number_06": {
      "texture_id": "mtr:custom_directory/3_number_06.png",
      "flip_texture": false
    },
    "CSP-ru-en-blue_3_number_07": {
      "texture_id": "mtr:custom_directory/3_number_07.png",
      "flip_texture": false
    },
    "CSP-ru-en-blue_3_number_08": {
      "texture_id": "mtr:custom_directory/3_number_08.png",
      "flip_texture": false
    },
    "CSP-ru-en-blue_3_number_09": {
      "texture_id": "mtr:custom_directory/3_number_09.png",
      "flip_texture": false
    },
    "CSP-ru-en-blue_3_number_10": {
      "texture_id": "mtr:custom_directory/3_number_10.png",
      "flip_texture": false
    },
    "CSP-ru-en-blue_3_number_11": {
      "texture_id": "mtr:custom_directory/3_number_11.png",
      "flip_texture": false
    },
    "CSP-ru-en-blue_3_number_12": {
      "texture_id": "mtr:custom_directory/3_number_12.png",
      "flip_texture": false
    },
    "CSP-ru-en-blue_3_number_13": {
      "texture_id": "mtr:custom_directory/3_number_13.png",
      "flip_texture": false
    },
    "CSP-ru-en-blue_3_number_14": {
      "texture_id": "mtr:custom_directory/3_number_14.png",
      "flip_texture": false
    },
    "CSP-ru-en-blue_3_number_15": {
      "texture_id": "mtr:custom_directory/3_number_15.png",
      "flip_texture": false
    },
    "CSP-ru-en-blue_3_number_16": {
      "texture_id": "mtr:custom_directory/3_number_16.png",
      "flip_texture": false
    },
    "CSP-ru-en-blue_3_number_17": {
      "texture_id": "mtr:custom_directory/3_number_17.png",
      "flip_texture": false
    },
    "CSP-ru-en-blue_3_number_18": {
      "texture_id": "mtr:custom_directory/3_number_18.png",
      "flip_texture": false
    },
    "CSP-ru-en-blue_3_number_19": {
      "texture_id": "mtr:custom_directory/3_number_19.png",
      "flip_texture": false
    },
    "CSP-ru-en-blue_3_number_20": {
      "texture_id": "mtr:custom_directory/3_number_20.png",
      "flip_texture": false
    },
    "CSP-ru-en-blue_3_number_21": {
      "texture_id": "mtr:custom_directory/3_number_21.png",
      "flip_texture": false
    },
    "CSP-ru-en-blue_3_number_22": {
      "texture_id": "mtr:custom_directory/3_number_22.png",
      "flip_texture": false
    },
    "CSP-ru-en-blue_3_platform_01": {
      "texture_id": "mtr:custom_directory/3_platform_01.png",
      "flip_texture": false
    },
    "CSP-ru-en-blue_3_platform_02": {
      "texture_id": "mtr:custom_directory/3_platform_02.png",
      "flip_texture": false
    },
    "CSP-ru-en-blue_3_platform_03": {
      "texture_id": "mtr:custom_directory/3_platform_03.png",
      "flip_texture": false
    },
    "CSP-ru-en-blue_3_platform_04": {
      "texture_id": "mtr:custom_directory/3_platform_04.png",
      "flip_texture": false
    },
    "CSP-ru-en-blue_3_platform_05": {
      "texture_id": "mtr:custom_directory/3_platform_05.png",
      "flip_texture": false
    },
    "CSP-ru-en-blue_3_platform_06": {
      "texture_id": "mtr:custom_directory/3_platform_06.png",
      "flip_texture": false
    },
    "CSP-ru-en-blue_3_platform_07": {
      "texture_id": "mtr:custom_directory/3_platform_07.png",
      "flip_texture": false
    },
    "CSP-ru-en-blue_3_platform_08": {
      "texture_id": "mtr:custom_directory/3_platform_08.png",
      "flip_texture": false
    },
    "CSP-ru-en-blue_3_platform_09": {
      "texture_id": "mtr:custom_directory/3_platform_09.png",
      "flip_texture": false
    },
    "CSP-ru-en-blue_3_platform_10": {
      "texture_id": "mtr:custom_directory/3_platform_10.png",
      "flip_texture": false
    },
    "CSP-ru-en-blue_3_track_01": {
      "texture_id": "mtr:custom_directory/3_track_01.png",
      "flip_texture": false
    },
    "CSP-ru-en-blue_3_track_02": {
      "texture_id": "mtr:custom_directory/3_track_02.png",
      "flip_texture": false
    },
    "CSP-ru-en-blue_3_track_03": {
      "texture_id": "mtr:custom_directory/3_track_03.png",
      "flip_texture": false
    },
    "CSP-ru-en-blue_3_track_04": {
      "texture_id": "mtr:custom_directory/3_track_04.png",
      "flip_texture": false
    },
    "CSP-ru-en-blue_3_track_05": {
      "texture_id": "mtr:custom_directory/3_track_05.png",
      "flip_texture": false
    },
    "CSP-ru-en-blue_3_track_06": {
      "texture_id": "mtr:custom_directory/3_track_06.png",
      "flip_texture": false
    },
    "CSP-ru-en-blue_3_track_07": {
      "texture_id": "mtr:custom_directory/3_track_07.png",
      "flip_texture": false
    },
    "CSP-ru-en-blue_3_track_08": {
      "texture_id": "mtr:custom_directory/3_track_08.png",
      "flip_texture": false
    },
    "CSP-ru-en-blue_3_track_09": {
      "texture_id": "mtr:custom_directory/3_track_09.png",
      "flip_texture": false
    },
    "CSP-ru-en-blue_3_track_10": {
      "texture_id": "mtr:custom_directory/3_track_10.png",
      "flip_texture": false
    },
    "CSP-ru-en-blue_3_track_11": {
      "texture_id": "mtr:custom_directory/3_track_11.png",
      "flip_texture": false
    },
    "CSP-ru-en-blue_3_track_12": {
      "texture_id": "mtr:custom_directory/3_track_12.png",
      "flip_texture": false
    },
    "CSP-ru-en-blue_3_track_13": {
      "texture_id": "mtr:custom_directory/3_track_13.png",
      "flip_texture": false
    },
    "CSP-ru-en-blue_3_track_14": {
      "texture_id": "mtr:custom_directory/3_track_14.png",
      "flip_texture": false
    },
    "CSP-ru-en-blue_3_track_15": {
      "texture_id": "mtr:custom_directory/3_track_15.png",
      "flip_texture": false
    },
    "CSP-ru-en-blue_3_track_16": {
      "texture_id": "mtr:custom_directory/3_track_16.png",
      "flip_texture": false
    },
    "CSP-ru-en-blue_3_track_17": {
      "texture_id": "mtr:custom_directory/3_track_17.png",
      "flip_texture": false
    },
    "CSP-ru-en-blue_3_track_18": {
      "texture_id": "mtr:custom_directory/3_track_18.png",
      "flip_texture": false
    },
    "CSP-ru-en-blue_3_track_19": {
      "texture_id": "mtr:custom_directory/3_track_19.png",
      "flip_texture": false
    },
    "CSP-ru-en-blue_3_track_20": {
      "texture_id": "mtr:custom_directory/3_track_20.png",
      "flip_texture": false
    },
    "CSP-ru-en-blue_4_tap_validator_1": {
      "texture_id": "mtr:custom_directory/4_tap_validator_1.png",
      "flip_texture": false
    },
    "CSP-ru-en-blue_4_to_trains_01": {
      "texture_id": "mtr:custom_directory/4_to_trains_01.png",
      "flip_texture": false
    },
    "CSP-ru-en-blue_4_to_trains_02": {
      "texture_id": "mtr:custom_directory/4_to_trains_02.png",
      "flip_texture": false
    },
    "CSP-ru-en-blue_4_to_trains_03": {
      "texture_id": "mtr:custom_directory/4_to_trains_03.png",
      "flip_texture": false
    },
    "CSP-ru-en-blue_4_to_trains_04": {
      "texture_id": "mtr:custom_directory/4_to_trains_04.png",
      "flip_texture": false
    },
    "CSP-ru-en-blue_4_toilet_1": {
      "texture_id": "mtr:custom_directory/4_toilet_1.png",
      "flip_texture": false
    },
    "CSP-ru-en-blue_4_toilet_2": {
      "texture_id": "mtr:custom_directory/4_toilet_2.png",
      "flip_texture": false
    },
    "CSP-ru-en-blue_4_toilet_3": {
      "texture_id": "mtr:custom_directory/4_toilet_3.png",
      "flip_texture": false
    },
    "CSP-ru-en-blue_4_toilet_4": {
      "texture_id": "mtr:custom_directory/4_toilet_4.png",
      "flip_texture": false
    },
    "CSP-ru-en-blue_5_0_template_2": {
      "texture_id": "mtr:custom_directory/5_0_template_2.png",
      "flip_texture": false
    },
    "CSP-ru-en-blue_5_exit_big_1": {
      "texture_id": "mtr:custom_directory/5_exit_big_1.png",
      "flip_texture": false
    },
    "CSP-ru-en-blue_5_exit_big_2": {
      "texture_id": "mtr:custom_directory/5_exit_big_2.png",
      "flip_texture": false
    },
    "CSP-ru-en-blue_5_tap_validator_2": {
      "texture_id": "mtr:custom_directory/5_tap_validator_2.png",
      "flip_texture": false
    },
    "CSP-ru-en-blue_5_to_trains_05": {
      "texture_id": "mtr:custom_directory/5_to_trains_05.png",
      "flip_texture": false
    },
    "CSP-ru-en-blue_5_to_trains_06": {
      "texture_id": "mtr:custom_directory/5_to_trains_06.png",
      "flip_texture": false
    },
    "CSP-ru-en-blue_5_to_trains_07": {
      "texture_id": "mtr:custom_directory/5_to_trains_07.png",
      "flip_texture": false
    },
    "CSP-ru-en-blue_5_to_trains_08": {
      "texture_id": "mtr:custom_directory/5_to_trains_08.png",
      "flip_texture": false
    },
    "CSP-ru-en-blue_5_to_trains_09": {
      "texture_id": "mtr:custom_directory/5_to_trains_09.png",
      "flip_texture": false
    },
    "CSP-ru-en-blue_5_to_trains_10": {
      "texture_id": "mtr:custom_directory/5_to_trains_10.png",
      "flip_texture": false
    },
    "CSP-ru-en-blue_5_to_trains_11": {
      "texture_id": "mtr:custom_directory/5_to_trains_11.png",
      "flip_texture": false
    },
    "CSP-ru-en-blue_5_trains_big_1": {
      "texture_id": "mtr:custom_directory/5_trains_big_1.png",
      "flip_texture": false
    },
    "CSP-ru-en-blue_5_trains_big_2": {
      "texture_id": "mtr:custom_directory/5_trains_big_2.png",
      "flip_texture": false
    },
    "CSP-ru-en-blue_5_trains_big_3": {
      "texture_id": "mtr:custom_directory/5_trains_big_3.png",
      "flip_texture": false
    },
    "CSP-ru-en-blue_5_trains_big_4": {
      "texture_id": "mtr:custom_directory/5_trains_big_4.png",
      "flip_texture": false
    },
    "CSP-ru-en-blue_5_trains_big_5": {
      "texture_id": "mtr:custom_directory/5_trains_big_5.png",
      "flip_texture": false
    },
    "CSP-ru-en-blue_6_safety_sign_01_l": {
      "texture_id": "mtr:custom_directory/6_safety_sign_01_l.png",
      "flip_texture": false
    },
    "CSP-ru-en-blue_6_safety_sign_01_r": {
      "texture_id": "mtr:custom_directory/6_safety_sign_01_r.png",
      "flip_texture": false
    },
    "CSP-ru-en-blue_6_safety_sign_02_l": {
      "texture_id": "mtr:custom_directory/6_safety_sign_02_l.png",
      "flip_texture": false
    },
    "CSP-ru-en-blue_6_safety_sign_02_r": {
      "texture_id": "mtr:custom_directory/6_safety_sign_02_r.png",
      "flip_texture": false
    },
    "CSP-ru-en-blue_6_safety_sign_03_l": {
      "texture_id": "mtr:custom_directory/6_safety_sign_03_l.png",
      "flip_texture": false
    },
    "CSP-ru-en-blue_6_safety_sign_03_r": {
      "texture_id": "mtr:custom_directory/6_safety_sign_03_r.png",
      "flip_texture": false
    },
    "CSP-ru-en-blue_6_safety_sign_04_l": {
      "texture_id": "mtr:custom_directory/6_safety_sign_04_l.png",
      "flip_texture": false
    },
    "CSP-ru-en-blue_6_safety_sign_04_r": {
      "texture_id": "mtr:custom_directory/6_safety_sign_04_r.png",
      "flip_texture": false
    },
    "CSP-ru-en-blue_6_safety_sign_05_l": {
      "texture_id": "mtr:custom_directory/6_safety_sign_05_l.png",
      "flip_texture": false
    },
    "CSP-ru-en-blue_6_safety_sign_05_r": {
      "texture_id": "mtr:custom_directory/6_safety_sign_05_r.png",
      "flip_texture": false
    },
    "CSP-ru-en-blue_6_safety_sign_06_l": {
      "texture_id": "mtr:custom_directory/6_safety_sign_06_l.png",
      "flip_texture": false
    },
    "CSP-ru-en-blue_6_safety_sign_06_r": {
      "texture_id": "mtr:custom_directory/6_safety_sign_06_r.png",
      "flip_texture": false
    },
    "CSP-ru-en-blue_6_safety_sign_07_l": {
      "texture_id": "mtr:custom_directory/6_safety_sign_07_l.png",
      "flip_texture": false
    },
    "CSP-ru-en-blue_6_safety_sign_07_r": {
      "texture_id": "mtr:custom_directory/6_safety_sign_07_r.png",
      "flip_texture": false
    },
    "CSP-ru-en-blue_6_safety_sign_08_l": {
      "texture_id": "mtr:custom_directory/6_safety_sign_08_l.png",
      "flip_texture": false
    },
    "CSP-ru-en-blue_6_safety_sign_08_r": {
      "texture_id": "mtr:custom_directory/6_safety_sign_08_r.png",
      "flip_texture": false
    },
    "CSP-ru-en-blue_6_safety_sign_09": {
      "texture_id": "mtr:custom_directory/6_safety_sign_09.png",
      "flip_texture": false
    },
    "CSP-ru-en-blue_6_safety_sign_10": {
      "texture_id": "mtr:custom_directory/6_safety_sign_10.png",
      "flip_texture": false
    }
  }
}